segment,attr_group_key,attr_group_label,attr_item_key,attr_item_label,pct
总体,motivation,购买动机,gift_beginner,礼赠/入门,0.05628868784436433
总体,motivation,购买动机,value_price,性价比,0.11298551118971499
总体,motivation,购买动机,pro_need,专业需求,0.03197061424392898
总体,motivation,购买动机,fun_relax,兴趣/放松,0.056662812053601797
总体,scene,使用场景,child_classroom,亲子/课堂,0.13655533637167538
总体,scene,使用场景,multi_surface_diy,多介质DIY,0.07213794979933338
总体,scene,使用场景,paper_journal,纸面/手帐,0.01479491191075437
总体,scene,使用场景,illustration_detail,插画/细节,0.060404054145976466
总体,surface,使用介质,paper,纸张,0.06196857356642405
总体,surface,使用介质,wood,木材,0.03329705462213455
总体,surface,使用介质,rock,石头,0.11206720631249575
总体,surface,使用介质,glass,玻璃,0.026358751105366982
总体,surface,使用介质,ceramic,陶瓷,0.014896945786000952
总体,surface,使用介质,fabric,布面,0.017243724916672334
总体,expression,创作表达方式,fine_detail,精细细节,0.05642473301135977
总体,expression,创作表达方式,lettering,手写/字艺,0.02785524794231685
总体,expression,创作表达方式,fill_color,填色/大面积,0.05309162641997143
总体,expression,创作表达方式,decorate_project,装饰/改造,0.022753554179987756
总体,buying_factor,关键购买因素,coverage_opacity,覆盖力,0.06179851710767975
总体,buying_factor,关键购买因素,color_variety,色彩丰富,0.034623495000340114
总体,buying_factor,关键购买因素,tip_control,笔尖控制,0.13090946194136455
总体,buying_factor,关键购买因素,multi_surface,多表面适用,0.1825726141078838
总体,buying_factor,关键购买因素,price_value,价格价值,0.058091286307053944
总体,risk,风险关注点,leak_flow,漏墨/出墨异常,0.032650840078906194
总体,risk,风险关注点,dry_clog,干笔/堵塞,0.08557241004013333
总体,risk,风险关注点,color_mismatch,色差/颜色不准,0.0001360451669954425
总体,risk,风险关注点,tip_durability,笔头耐久问题,0.0015985307121964493
亲子陪伴创作群,motivation,购买动机,gift_beginner,礼赠/入门,0.1548329355608592
亲子陪伴创作群,motivation,购买动机,value_price,性价比,0.0733890214797136
亲子陪伴创作群,motivation,购买动机,pro_need,专业需求,0.03937947494033413
亲子陪伴创作群,motivation,购买动机,fun_relax,兴趣/放松,0.07816229116945107
亲子陪伴创作群,scene,使用场景,child_classroom,亲子/课堂,0.9809069212410502
亲子陪伴创作群,scene,使用场景,multi_surface_diy,多介质DIY,0.04862768496420048
亲子陪伴创作群,scene,使用场景,paper_journal,纸面/手帐,0.0029832935560859188
亲子陪伴创作群,scene,使用场景,illustration_detail,插画/细节,0.008651551312649164
亲子陪伴创作群,surface,使用介质,paper,纸张,0.06175417661097852
亲子陪伴创作群,surface,使用介质,wood,木材,0.012231503579952268
亲子陪伴创作群,surface,使用介质,rock,石头,0.09427207637231504
亲子陪伴创作群,surface,使用介质,glass,玻璃,0.010739856801909307
亲子陪伴创作群,surface,使用介质,ceramic,陶瓷,0.017899761336515514
亲子陪伴创作群,surface,使用介质,fabric,布面,0.014021479713603818
亲子陪伴创作群,expression,创作表达方式,fine_detail,精细细节,0.007458233890214797
亲子陪伴创作群,expression,创作表达方式,lettering,手写/字艺,0.014916467780429593
亲子陪伴创作群,expression,创作表达方式,fill_color,填色/大面积,0.0256563245823389
亲子陪伴创作群,expression,创作表达方式,decorate_project,装饰/改造,0.050119331742243436
亲子陪伴创作群,buying_factor,关键购买因素,coverage_opacity,覆盖力,0.0220763723150358
亲子陪伴创作群,buying_factor,关键购买因素,color_variety,色彩丰富,0.021181384248210023
亲子陪伴创作群,buying_factor,关键购买因素,tip_control,笔尖控制,0.08174224343675418
亲子陪伴创作群,buying_factor,关键购买因素,multi_surface,多表面适用,0.13752983293556087
亲子陪伴创作群,buying_factor,关键购买因素,price_value,价格价值,0.009844868735083532
亲子陪伴创作群,risk,风险关注点,leak_flow,漏墨/出墨异常,0.02058472553699284
亲子陪伴创作群,risk,风险关注点,dry_clog,干笔/堵塞,0.06354415274463007
亲子陪伴创作群,risk,风险关注点,color_mismatch,色差/颜色不准,0.0002983293556085919
亲子陪伴创作群,risk,风险关注点,tip_durability,笔头耐久问题,0.0002983293556085919
价格价值评估群,motivation,购买动机,gift_beginner,礼赠/入门,0.030712530712530713
价格价值评估群,motivation,购买动机,value_price,性价比,1.0
价格价值评估群,motivation,购买动机,pro_need,专业需求,0.053644553644553644
价格价值评估群,motivation,购买动机,fun_relax,兴趣/放松,0.05446355446355446
价格价值评估群,scene,使用场景,child_classroom,亲子/课堂,0.08230958230958231
价格价值评估群,scene,使用场景,multi_surface_diy,多介质DIY,0.021294021294021293
价格价值评估群,scene,使用场景,paper_journal,纸面/手帐,0.004095004095004095
价格价值评估群,scene,使用场景,illustration_detail,插画/细节,0.031122031122031123
价格价值评估群,surface,使用介质,paper,纸张,0.06838656838656838
价格价值评估群,surface,使用介质,wood,木材,0.012285012285012284
价格价值评估群,surface,使用介质,rock,石头,0.039721539721539724
价格价值评估群,surface,使用介质,glass,玻璃,0.013104013104013105
价格价值评估群,surface,使用介质,ceramic,陶瓷,0.005323505323505323
价格价值评估群,surface,使用介质,fabric,布面,0.011056511056511056
价格价值评估群,expression,创作表达方式,fine_detail,精细细节,0.018837018837018837
价格价值评估群,expression,创作表达方式,lettering,手写/字艺,0.02620802620802621
价格价值评估群,expression,创作表达方式,fill_color,填色/大面积,0.060196560196560195
价格价值评估群,expression,创作表达方式,decorate_project,装饰/改造,0.012694512694512694
价格价值评估群,buying_factor,关键购买因素,coverage_opacity,覆盖力,0.09377559377559377
价格价值评估群,buying_factor,关键购买因素,color_variety,色彩丰富,0.05855855855855856
价格价值评估群,buying_factor,关键购买因素,tip_control,笔尖控制,0.15601965601965603
价格价值评估群,buying_factor,关键购买因素,multi_surface,多表面适用,0.09090909090909091
价格价值评估群,buying_factor,关键购买因素,price_value,价格价值,0.595004095004095
价格价值评估群,risk,风险关注点,leak_flow,漏墨/出墨异常,0.03521703521703522
价格价值评估群,risk,风险关注点,dry_clog,干笔/堵塞,0.1208026208026208
价格价值评估群,risk,风险关注点,color_mismatch,色差/颜色不准,0.0004095004095004095
价格价值评估群,risk,风险关注点,tip_durability,笔头耐久问题,0.002457002457002457
多介质DIY项目群,motivation,购买动机,gift_beginner,礼赠/入门,0.04806408544726302
多介质DIY项目群,motivation,购买动机,value_price,性价比,0.06770932672134274
多介质DIY项目群,motivation,购买动机,pro_need,专业需求,0.035285142094220866
多介质DIY项目群,motivation,购买动机,fun_relax,兴趣/放松,0.08048827007438489
多介质DIY项目群,scene,使用场景,child_classroom,亲子/课堂,0.06675567423230974
多介质DIY项目群,scene,使用场景,multi_surface_diy,多介质DIY,0.33988174709135993
多介质DIY项目群,scene,使用场景,paper_journal,纸面/手帐,0.00781995041007057
多介质DIY项目群,scene,使用场景,illustration_detail,插画/细节,0.05111577341216861
多介质DIY项目群,surface,使用介质,paper,纸张,0.07476635514018691
多介质DIY项目群,surface,使用介质,wood,木材,0.1579248521838642
多介质DIY项目群,surface,使用介质,rock,石头,0.4957085637993515
多介质DIY项目群,surface,使用介质,glass,玻璃,0.12149532710280374
多介质DIY项目群,surface,使用介质,ceramic,陶瓷,0.05950791531565897
多介质DIY项目群,surface,使用介质,fabric,布面,0.07209612817089453
多介质DIY项目群,expression,创作表达方式,fine_detail,精细细节,0.0534045393858478
多介质DIY项目群,expression,创作表达方式,lettering,手写/字艺,0.03700171657448026
多介质DIY项目群,expression,创作表达方式,fill_color,填色/大面积,0.11787144764447835
多介质DIY项目群,expression,创作表达方式,decorate_project,装饰/改造,0.07343124165554073
多介质DIY项目群,buying_factor,关键购买因素,coverage_opacity,覆盖力,0.17718863246233071
多介质DIY项目群,buying_factor,关键购买因素,color_variety,色彩丰富,0.05473965287049399
多介质DIY项目群,buying_factor,关键购买因素,tip_control,笔尖控制,0.16784283806980735
多介质DIY项目群,buying_factor,关键购买因素,multi_surface,多表面适用,0.7816135800114439
多介质DIY项目群,buying_factor,关键购买因素,price_value,价格价值,0.0259393477016975
多介质DIY项目群,risk,风险关注点,leak_flow,漏墨/出墨异常,0.032233454129315275
多介质DIY项目群,risk,风险关注点,dry_clog,干笔/堵塞,0.09612817089452604
多介质DIY项目群,risk,风险关注点,color_mismatch,色差/颜色不准,0.0
多介质DIY项目群,risk,风险关注点,tip_durability,笔头耐久问题,0.0017165744802593935
礼赠入门尝试群,motivation,购买动机,gift_beginner,礼赠/入门,0.7942528735632184
礼赠入门尝试群,motivation,购买动机,value_price,性价比,0.05057471264367816
礼赠入门尝试群,motivation,购买动机,pro_need,专业需求,0.047126436781609195
礼赠入门尝试群,motivation,购买动机,fun_relax,兴趣/放松,0.10459770114942529
礼赠入门尝试群,scene,使用场景,child_classroom,亲子/课堂,0.0034482758620689655
礼赠入门尝试群,scene,使用场景,multi_surface_diy,多介质DIY,0.006896551724137931
礼赠入门尝试群,scene,使用场景,paper_journal,纸面/手帐,0.0
礼赠入门尝试群,scene,使用场景,illustration_detail,插画/细节,0.01839080459770115
礼赠入门尝试群,surface,使用介质,paper,纸张,0.011494252873563218
礼赠入门尝试群,surface,使用介质,wood,木材,0.004597701149425287
礼赠入门尝试群,surface,使用介质,rock,石头,0.009195402298850575
礼赠入门尝试群,surface,使用介质,glass,玻璃,0.006896551724137931
礼赠入门尝试群,surface,使用介质,ceramic,陶瓷,0.014942528735632184
礼赠入门尝试群,surface,使用介质,fabric,布面,0.009195402298850575
礼赠入门尝试群,expression,创作表达方式,fine_detail,精细细节,0.0034482758620689655
礼赠入门尝试群,expression,创作表达方式,lettering,手写/字艺,0.011494252873563218
礼赠入门尝试群,expression,创作表达方式,fill_color,填色/大面积,0.01839080459770115
礼赠入门尝试群,expression,创作表达方式,decorate_project,装饰/改造,0.013793103448275862
礼赠入门尝试群,buying_factor,关键购买因素,coverage_opacity,覆盖力,0.029885057471264367
礼赠入门尝试群,buying_factor,关键购买因素,color_variety,色彩丰富,0.23793103448275862
礼赠入门尝试群,buying_factor,关键购买因素,tip_control,笔尖控制,0.08620689655172414
礼赠入门尝试群,buying_factor,关键购买因素,multi_surface,多表面适用,0.04827586206896552
礼赠入门尝试群,buying_factor,关键购买因素,price_value,价格价值,0.0
礼赠入门尝试群,risk,风险关注点,leak_flow,漏墨/出墨异常,0.021839080459770115
礼赠入门尝试群,risk,风险关注点,dry_clog,干笔/堵塞,0.04482758620689655
礼赠入门尝试群,risk,风险关注点,color_mismatch,色差/颜色不准,0.0
礼赠入门尝试群,risk,风险关注点,tip_durability,笔头耐久问题,0.0
稳定性风险敏感群,motivation,购买动机,gift_beginner,礼赠/入门,0.005427408412483039
稳定性风险敏感群,motivation,购买动机,value_price,性价比,0.012211668928086838
稳定性风险敏感群,motivation,购买动机,pro_need,专业需求,0.025101763907734057
稳定性风险敏感群,motivation,购买动机,fun_relax,兴趣/放松,0.04206241519674356
稳定性风险敏感群,scene,使用场景,child_classroom,亲子/课堂,0.0067842605156037995
稳定性风险敏感群,scene,使用场景,multi_surface_diy,多介质DIY,0.0020352781546811396
稳定性风险敏感群,scene,使用场景,paper_journal,纸面/手帐,0.0
稳定性风险敏感群,scene,使用场景,illustration_detail,插画/细节,0.0027137042062415195
稳定性风险敏感群,surface,使用介质,paper,纸张,0.057666214382632294
稳定性风险敏感群,surface,使用介质,wood,木材,0.0020352781546811396
稳定性风险敏感群,surface,使用介质,rock,石头,0.009497964721845319
稳定性风险敏感群,surface,使用介质,glass,玻璃,0.0027137042062415195
稳定性风险敏感群,surface,使用介质,ceramic,陶瓷,0.0020352781546811396
稳定性风险敏感群,surface,使用介质,fabric,布面,0.0047489823609226595
稳定性风险敏感群,expression,创作表达方式,fine_detail,精细细节,0.004070556309362279
稳定性风险敏感群,expression,创作表达方式,lettering,手写/字艺,0.029850746268656716
稳定性风险敏感群,expression,创作表达方式,fill_color,填色/大面积,0.050203527815468114
稳定性风险敏感群,expression,创作表达方式,decorate_project,装饰/改造,0.0047489823609226595
稳定性风险敏感群,buying_factor,关键购买因素,coverage_opacity,覆盖力,0.07530529172320218
稳定性风险敏感群,buying_factor,关键购买因素,color_variety,色彩丰富,0.032564450474898234
稳定性风险敏感群,buying_factor,关键购买因素,tip_control,笔尖控制,0.1865671641791045
稳定性风险敏感群,buying_factor,关键购买因素,multi_surface,多表面适用,0.060379918588873815
稳定性风险敏感群,buying_factor,关键购买因素,price_value,价格价值,0.0
稳定性风险敏感群,risk,风险关注点,leak_flow,漏墨/出墨异常,0.32360922659430125
稳定性风险敏感群,risk,风险关注点,dry_clog,干笔/堵塞,0.746268656716418
稳定性风险敏感群,risk,风险关注点,color_mismatch,色差/颜色不准,0.0006784260515603799
稳定性风险敏感群,risk,风险关注点,tip_durability,笔头耐久问题,0.006105834464043419
精细表达创作群,motivation,购买动机,gift_beginner,礼赠/入门,0.03002388263391334
精细表达创作群,motivation,购买动机,value_price,性价比,0.057659501876492665
精细表达创作群,motivation,购买动机,pro_need,专业需求,0.1357898328215626
精细表达创作群,motivation,购买动机,fun_relax,兴趣/放松,0.07744796997611737
精细表达创作群,scene,使用场景,child_classroom,亲子/课堂,0.04674172637325145
精细表达创作群,scene,使用场景,multi_surface_diy,多介质DIY,0.033776867963152504
精细表达创作群,scene,使用场景,paper_journal,纸面/手帐,0.014670760832480383
精细表达创作群,scene,使用场景,illustration_detail,插画/细节,0.4616171954964176
精细表达创作群,surface,使用介质,paper,纸张,0.12350733538041624
精细表达创作群,surface,使用介质,wood,木材,0.018082565677243263
精细表达创作群,surface,使用介质,rock,石头,0.07540088706925964
精细表达创作群,surface,使用介质,glass,玻璃,0.014329580348004094
精细表达创作群,surface,使用介质,ceramic,陶瓷,0.008529512111907198
精细表达创作群,surface,使用介质,fabric,布面,0.008870692596383487
精细表达创作群,expression,创作表达方式,fine_detail,精细细节,0.43807574206755373
精细表达创作群,expression,创作表达方式,lettering,手写/字艺,0.03650631183896281
精细表达创作群,expression,创作表达方式,fill_color,填色/大面积,0.10337768679631525
精细表达创作群,expression,创作表达方式,decorate_project,装饰/改造,0.019106107130672127
精细表达创作群,buying_factor,关键购买因素,coverage_opacity,覆盖力,0.10917775503241214
精细表达创作群,buying_factor,关键购买因素,color_variety,色彩丰富,0.06823609689525759
精细表达创作群,buying_factor,关键购买因素,tip_control,笔尖控制,0.6260661890139884
精细表达创作群,buying_factor,关键购买因素,multi_surface,多表面适用,0.11941316956670078
精细表达创作群,buying_factor,关键购买因素,price_value,价格价值,0.02183555100648243
精细表达创作群,risk,风险关注点,leak_flow,漏墨/出墨异常,0.03445922893210508
精细表达创作群,risk,风险关注点,dry_clog,干笔/堵塞,0.09382463323097918
精细表达创作群,risk,风险关注点,color_mismatch,色差/颜色不准,0.000341180484476288
精细表达创作群,risk,风险关注点,tip_durability,笔头耐久问题,0.006482429205049471
纸面手帐兴趣群,motivation,购买动机,gift_beginner,礼赠/入门,0.016224188790560472
纸面手帐兴趣群,motivation,购买动机,value_price,性价比,0.035398230088495575
纸面手帐兴趣群,motivation,购买动机,pro_need,专业需求,0.011799410029498525
纸面手帐兴趣群,motivation,购买动机,fun_relax,兴趣/放松,0.34587020648967554
纸面手帐兴趣群,scene,使用场景,child_classroom,亲子/课堂,0.019174041297935103
纸面手帐兴趣群,scene,使用场景,multi_surface_diy,多介质DIY,0.011799410029498525
纸面手帐兴趣群,scene,使用场景,paper_journal,纸面/手帐,0.24410029498525074
纸面手帐兴趣群,scene,使用场景,illustration_detail,插画/细节,0.022123893805309734
纸面手帐兴趣群,surface,使用介质,paper,纸张,0.441740412979351
纸面手帐兴趣群,surface,使用介质,wood,木材,0.014749262536873156
纸面手帐兴趣群,surface,使用介质,rock,石头,0.029498525073746312
纸面手帐兴趣群,surface,使用介质,glass,玻璃,0.01327433628318584
纸面手帐兴趣群,surface,使用介质,ceramic,陶瓷,0.008849557522123894
纸面手帐兴趣群,surface,使用介质,fabric,布面,0.01032448377581121
纸面手帐兴趣群,expression,创作表达方式,fine_detail,精细细节,0.011061946902654867
纸面手帐兴趣群,expression,创作表达方式,lettering,手写/字艺,0.2581120943952802
纸面手帐兴趣群,expression,创作表达方式,fill_color,填色/大面积,0.23377581120943952
纸面手帐兴趣群,expression,创作表达方式,decorate_project,装饰/改造,0.007374631268436578
纸面手帐兴趣群,buying_factor,关键购买因素,coverage_opacity,覆盖力,0.0943952802359882
纸面手帐兴趣群,buying_factor,关键购买因素,color_variety,色彩丰富,0.045722713864306784
纸面手帐兴趣群,buying_factor,关键购买因素,tip_control,笔尖控制,0.09513274336283185
纸面手帐兴趣群,buying_factor,关键购买因素,multi_surface,多表面适用,0.07817109144542773
纸面手帐兴趣群,buying_factor,关键购买因素,price_value,价格价值,0.016224188790560472
纸面手帐兴趣群,risk,风险关注点,leak_flow,漏墨/出墨异常,0.028761061946902654
纸面手帐兴趣群,risk,风险关注点,dry_clog,干笔/堵塞,0.06637168141592921
纸面手帐兴趣群,risk,风险关注点,color_mismatch,色差/颜色不准,0.0
纸面手帐兴趣群,risk,风险关注点,tip_durability,笔头耐久问题,0.0022123893805309734
通用创作泛人群,motivation,购买动机,gift_beginner,礼赠/入门,0.0
通用创作泛人群,motivation,购买动机,value_price,性价比,0.0
通用创作泛人群,motivation,购买动机,pro_need,专业需求,0.0
通用创作泛人群,motivation,购买动机,fun_relax,兴趣/放松,0.0
通用创作泛人群,scene,使用场景,child_classroom,亲子/课堂,0.0
通用创作泛人群,scene,使用场景,multi_surface_diy,多介质DIY,0.0
通用创作泛人群,scene,使用场景,paper_journal,纸面/手帐,0.0
通用创作泛人群,scene,使用场景,illustration_detail,插画/细节,0.0
通用创作泛人群,surface,使用介质,paper,纸张,0.0
通用创作泛人群,surface,使用介质,wood,木材,0.0
通用创作泛人群,surface,使用介质,rock,石头,0.0
通用创作泛人群,surface,使用介质,glass,玻璃,0.0
通用创作泛人群,surface,使用介质,ceramic,陶瓷,0.0
通用创作泛人群,surface,使用介质,fabric,布面,0.0
通用创作泛人群,expression,创作表达方式,fine_detail,精细细节,0.0
通用创作泛人群,expression,创作表达方式,lettering,手写/字艺,0.0
通用创作泛人群,expression,创作表达方式,fill_color,填色/大面积,0.0
通用创作泛人群,expression,创作表达方式,decorate_project,装饰/改造,0.0
通用创作泛人群,buying_factor,关键购买因素,coverage_opacity,覆盖力,0.0
通用创作泛人群,buying_factor,关键购买因素,color_variety,色彩丰富,0.0
通用创作泛人群,buying_factor,关键购买因素,tip_control,笔尖控制,0.0
通用创作泛人群,buying_factor,关键购买因素,multi_surface,多表面适用,0.0
通用创作泛人群,buying_factor,关键购买因素,price_value,价格价值,0.0
通用创作泛人群,risk,风险关注点,leak_flow,漏墨/出墨异常,0.0
通用创作泛人群,risk,风险关注点,dry_clog,干笔/堵塞,0.0
通用创作泛人群,risk,风险关注点,color_mismatch,色差/颜色不准,0.0
通用创作泛人群,risk,风险关注点,tip_durability,笔头耐久问题,0.0
