primary_segment,profile_dimension,profile_label,hit_count,segment_count,pct
儿童/课堂使用群,购买动机,送礼需求,100,1173,0.08525149190110827
填色/大面积上色群,购买动机,送礼需求,14,235,0.059574468085106386
多表面diy/定制群,购买动机,送礼需求,102,3598,0.028349082823790995
精细绘画/插画创作群,购买动机,送礼需求,13,721,0.018030513176144243
纸面手账/装饰书写群,购买动机,送礼需求,18,454,0.039647577092511016
儿童/课堂使用群,购买动机,入门尝试,115,1173,0.09803921568627451
填色/大面积上色群,购买动机,入门尝试,27,235,0.1148936170212766
多表面diy/定制群,购买动机,入门尝试,429,3598,0.11923290717065037
精细绘画/插画创作群,购买动机,入门尝试,93,721,0.1289875173370319
纸面手账/装饰书写群,购买动机,入门尝试,47,454,0.10352422907488987
儿童/课堂使用群,购买动机,兴趣放松/疗愈,2,1173,0.0017050298380221654
填色/大面积上色群,购买动机,兴趣放松/疗愈,1,235,0.00425531914893617
多表面diy/定制群,购买动机,兴趣放松/疗愈,3,3598,0.0008337965536409116
精细绘画/插画创作群,购买动机,兴趣放松/疗愈,1,721,0.0013869625520110957
纸面手账/装饰书写群,购买动机,兴趣放松/疗愈,0,454,0.0
儿童/课堂使用群,购买动机,专业创作/作品产出,17,1173,0.014492753623188406
填色/大面积上色群,购买动机,专业创作/作品产出,2,235,0.00851063829787234
多表面diy/定制群,购买动机,专业创作/作品产出,30,3598,0.008337965536409116
精细绘画/插画创作群,购买动机,专业创作/作品产出,40,721,0.05547850208044383
纸面手账/装饰书写群,购买动机,专业创作/作品产出,8,454,0.01762114537444934
儿童/课堂使用群,购买动机,价格敏感,73,1173,0.06223358908780904
填色/大面积上色群,购买动机,价格敏感,17,235,0.07234042553191489
多表面diy/定制群,购买动机,价格敏感,190,3598,0.0528071150639244
精细绘画/插画创作群,购买动机,价格敏感,42,721,0.05825242718446602
纸面手账/装饰书写群,购买动机,价格敏感,27,454,0.05947136563876652
儿童/课堂使用群,介质偏好,纸张/卡纸,26,1173,0.02216538789428815
填色/大面积上色群,介质偏好,纸张/卡纸,9,235,0.03829787234042553
多表面diy/定制群,介质偏好,纸张/卡纸,117,3598,0.032518065591995556
精细绘画/插画创作群,介质偏好,纸张/卡纸,27,721,0.03744798890429958
纸面手账/装饰书写群,介质偏好,纸张/卡纸,53,454,0.11674008810572688
儿童/课堂使用群,介质偏好,深色纸,6,1173,0.005115089514066497
填色/大面积上色群,介质偏好,深色纸,5,235,0.02127659574468085
多表面diy/定制群,介质偏好,深色纸,15,3598,0.004168982768204558
精细绘画/插画创作群,介质偏好,深色纸,10,721,0.013869625520110958
纸面手账/装饰书写群,介质偏好,深色纸,17,454,0.037444933920704845
儿童/课堂使用群,介质偏好,木石材,10,1173,0.008525149190110827
填色/大面积上色群,介质偏好,木石材,6,235,0.02553191489361702
多表面diy/定制群,介质偏好,木石材,798,3598,0.22178988326848248
精细绘画/插画创作群,介质偏好,木石材,5,721,0.006934812760055479
纸面手账/装饰书写群,介质偏好,木石材,5,454,0.011013215859030838
儿童/课堂使用群,介质偏好,玻璃陶瓷,3,1173,0.0025575447570332483
填色/大面积上色群,介质偏好,玻璃陶瓷,1,235,0.00425531914893617
多表面diy/定制群,介质偏好,玻璃陶瓷,258,3598,0.0717065036131184
精细绘画/插画创作群,介质偏好,玻璃陶瓷,3,721,0.004160887656033287
纸面手账/装饰书写群,介质偏好,玻璃陶瓷,2,454,0.004405286343612335
儿童/课堂使用群,介质偏好,布料,12,1173,0.010230179028132993
填色/大面积上色群,介质偏好,布料,4,235,0.01702127659574468
多表面diy/定制群,介质偏好,布料,141,3598,0.039188438021122846
精细绘画/插画创作群,介质偏好,布料,16,721,0.022191400832177532
纸面手账/装饰书写群,介质偏好,布料,9,454,0.019823788546255508
儿童/课堂使用群,介质偏好,塑料金属树脂,0,1173,0.0
填色/大面积上色群,介质偏好,塑料金属树脂,2,235,0.00851063829787234
多表面diy/定制群,介质偏好,塑料金属树脂,156,3598,0.0433574207893274
精细绘画/插画创作群,介质偏好,塑料金属树脂,4,721,0.005547850208044383
纸面手账/装饰书写群,介质偏好,塑料金属树脂,3,454,0.006607929515418502
儿童/课堂使用群,关注点,颜色表现,68,1173,0.057971014492753624
填色/大面积上色群,关注点,颜色表现,37,235,0.1574468085106383
多表面diy/定制群,关注点,颜色表现,239,3598,0.06642579210672596
精细绘画/插画创作群,关注点,颜色表现,109,721,0.15117891816920942
纸面手账/装饰书写群,关注点,颜色表现,65,454,0.14317180616740088
儿童/课堂使用群,关注点,覆盖/显色,62,1173,0.05285592497868713
填色/大面积上色群,关注点,覆盖/显色,33,235,0.14042553191489363
多表面diy/定制群,关注点,覆盖/显色,314,3598,0.08727070594774874
精细绘画/插画创作群,关注点,覆盖/显色,102,721,0.14147018030513175
纸面手账/装饰书写群,关注点,覆盖/显色,67,454,0.14757709251101322
儿童/课堂使用群,关注点,流畅/出墨,34,1173,0.028985507246376812
填色/大面积上色群,关注点,流畅/出墨,15,235,0.06382978723404255
多表面diy/定制群,关注点,流畅/出墨,156,3598,0.0433574207893274
精细绘画/插画创作群,关注点,流畅/出墨,45,721,0.06241331484049931
纸面手账/装饰书写群,关注点,流畅/出墨,34,454,0.07488986784140969
儿童/课堂使用群,关注点,耐用/寿命,15,1173,0.01278772378516624
填色/大面积上色群,关注点,耐用/寿命,8,235,0.03404255319148936
多表面diy/定制群,关注点,耐用/寿命,57,3598,0.01584213451917732
精细绘画/插画创作群,关注点,耐用/寿命,19,721,0.026352288488210817
纸面手账/装饰书写群,关注点,耐用/寿命,12,454,0.02643171806167401
儿童/课堂使用群,关注点,安全/气味,6,1173,0.005115089514066497
填色/大面积上色群,关注点,安全/气味,2,235,0.00851063829787234
多表面diy/定制群,关注点,安全/气味,27,3598,0.007504168982768205
精细绘画/插画创作群,关注点,安全/气味,11,721,0.015256588072122053
纸面手账/装饰书写群,关注点,安全/气味,3,454,0.006607929515418502
儿童/课堂使用群,关注点,包装/收纳,60,1173,0.05115089514066496
填色/大面积上色群,关注点,包装/收纳,30,235,0.1276595744680851
多表面diy/定制群,关注点,包装/收纳,200,3598,0.055586436909394105
精细绘画/插画创作群,关注点,包装/收纳,59,721,0.08183079056865465
纸面手账/装饰书写群,关注点,包装/收纳,41,454,0.09030837004405286
