primary_segment,pain_dimension,neg_mentions,pos_mentions,review_count,hit_reviews,neg_rate,avg_rating
儿童/课堂使用群,性价比,48,75,1173,112,0.04092071611253197,4.473214285714286
儿童/课堂使用群,笔头耐用性,37,27,1173,64,0.03154305200341006,4.234375
儿童/课堂使用群,流畅性,31,61,1173,88,0.026427962489343565,4.613636363636363
儿童/课堂使用群,色彩饱和度与混合,23,48,1173,66,0.0196078431372549,4.4393939393939394
儿童/课堂使用群,绘画表现,17,40,1173,54,0.014492753623188406,4.2592592592592595
儿童/课堂使用群,笔身与易用性,16,109,1173,124,0.013640238704177323,4.67741935483871
儿童/课堂使用群,墨水特性,11,69,1173,78,0.00937766410912191,4.4743589743589745
儿童/课堂使用群,表面/介质表现,7,3,1173,9,0.005967604433077579,3.888888888888889
儿童/课堂使用群,笔头表现,6,6,1173,12,0.005115089514066497,4.083333333333333
儿童/课堂使用群,教育与启发,3,135,1173,138,0.0025575447570332483,4.826086956521739
儿童/课堂使用群,特殊用途,3,3,1173,6,0.0025575447570332483,3.0
儿童/课堂使用群,购买与服务体验,2,8,1173,10,0.0017050298380221654,4.1
儿童/课堂使用群,容量,2,12,1173,14,0.0017050298380221654,4.0
儿童/课堂使用群,颜色种类,1,22,1173,23,0.0008525149190110827,4.391304347826087
儿童/课堂使用群,色彩一致性,1,7,1173,8,0.0008525149190110827,3.625
儿童/课堂使用群,场景表现,1,33,1173,34,0.0008525149190110827,4.794117647058823
儿童/课堂使用群,色系评价,0,6,1173,6,0.0,4.833333333333333
儿童/课堂使用群,外观与包装,0,9,1173,9,0.0,4.333333333333333
儿童/课堂使用群,多样性与适配性,0,4,1173,4,0.0,3.25
填色/大面积上色群,流畅性,33,22,235,52,0.14042553191489363,4.480769230769231
填色/大面积上色群,笔头耐用性,12,4,235,16,0.05106382978723404,4.0
填色/大面积上色群,笔身与易用性,8,21,235,27,0.03404255319148936,4.37037037037037
填色/大面积上色群,笔头表现,7,2,235,9,0.029787234042553193,4.222222222222222
填色/大面积上色群,绘画表现,6,25,235,26,0.02553191489361702,4.538461538461538
填色/大面积上色群,色彩饱和度与混合,5,20,235,24,0.02127659574468085,4.666666666666667
填色/大面积上色群,墨水特性,3,27,235,30,0.01276595744680851,4.466666666666667
填色/大面积上色群,性价比,3,27,235,30,0.01276595744680851,4.6
填色/大面积上色群,表面/介质表现,1,0,235,1,0.00425531914893617,4.0
填色/大面积上色群,外观与包装,1,3,235,4,0.00425531914893617,4.5
填色/大面积上色群,购买与服务体验,1,3,235,4,0.00425531914893617,4.75
填色/大面积上色群,颜色种类,0,9,235,9,0.0,4.555555555555555
填色/大面积上色群,色彩一致性,0,3,235,3,0.0,4.0
填色/大面积上色群,色系评价,0,6,235,6,0.0,5.0
填色/大面积上色群,场景表现,0,9,235,9,0.0,4.666666666666667
填色/大面积上色群,多样性与适配性,0,2,235,2,0.0,1.5
填色/大面积上色群,教育与启发,0,20,235,20,0.0,4.6
填色/大面积上色群,容量,0,2,235,2,0.0,5.0
多表面diy/定制群,流畅性,121,276,3598,382,0.033629794330183434,4.5942408376963355
多表面diy/定制群,笔头耐用性,93,80,3598,166,0.02584769316286826,4.4156626506024095
多表面diy/定制群,色彩饱和度与混合,82,174,3598,243,0.022790439132851583,4.5473251028806585
多表面diy/定制群,性价比,71,213,3598,271,0.019733185102834908,4.479704797047971
多表面diy/定制群,绘画表现,48,209,3598,240,0.013340744858254585,4.641666666666667
多表面diy/定制群,墨水特性,45,243,3598,277,0.012506948304613675,4.581227436823105
多表面diy/定制群,笔身与易用性,34,417,3598,446,0.009449694274596998,4.79372197309417
多表面diy/定制群,笔头表现,26,38,3598,64,0.007226236798221234,4.578125
多表面diy/定制群,表面/介质表现,17,127,3598,144,0.004724847137298499,4.6875
多表面diy/定制群,教育与启发,7,420,3598,426,0.0019455252918287938,4.823943661971831
多表面diy/定制群,场景表现,5,120,3598,125,0.0013896609227348527,4.744
多表面diy/定制群,多样性与适配性,5,23,3598,26,0.0013896609227348527,4.6923076923076925
多表面diy/定制群,购买与服务体验,5,30,3598,35,0.0013896609227348527,4.8
多表面diy/定制群,外观与包装,4,27,3598,31,0.0011117287381878821,4.741935483870968
多表面diy/定制群,容量,4,31,3598,35,0.0011117287381878821,4.685714285714286
多表面diy/定制群,颜色种类,2,70,3598,72,0.0005558643690939411,4.805555555555555
多表面diy/定制群,特殊用途,2,6,3598,7,0.0005558643690939411,4.428571428571429
多表面diy/定制群,色系评价,1,25,3598,26,0.00027793218454697053,4.6923076923076925
多表面diy/定制群,色彩一致性,0,22,3598,22,0.0,4.590909090909091
多表面diy/定制群,配套与服务(色卡),0,2,3598,2,0.0,5.0
精细绘画/插画创作群,流畅性,30,67,721,90,0.04160887656033287,4.788888888888889
精细绘画/插画创作群,色彩饱和度与混合,28,44,721,68,0.038834951456310676,4.676470588235294
精细绘画/插画创作群,笔头耐用性,26,24,721,49,0.036061026352288486,4.551020408163265
精细绘画/插画创作群,性价比,16,56,721,64,0.022191400832177532,4.703125
精细绘画/插画创作群,绘画表现,13,77,721,87,0.018030513176144243,4.793103448275862
精细绘画/插画创作群,笔头表现,12,23,721,34,0.016643550624133148,4.647058823529412
精细绘画/插画创作群,笔身与易用性,10,78,721,86,0.013869625520110958,4.837209302325581
精细绘画/插画创作群,墨水特性,6,69,721,75,0.008321775312066574,4.773333333333333
精细绘画/插画创作群,表面/介质表现,6,3,721,9,0.008321775312066574,4.444444444444445
精细绘画/插画创作群,特殊用途,4,4,721,8,0.005547850208044383,5.0
精细绘画/插画创作群,多样性与适配性,3,6,721,7,0.004160887656033287,5.0
精细绘画/插画创作群,教育与启发,2,71,721,73,0.0027739251040221915,4.876712328767123
精细绘画/插画创作群,色系评价,1,10,721,11,0.0013869625520110957,5.0
精细绘画/插画创作群,外观与包装,1,6,721,6,0.0013869625520110957,4.5
精细绘画/插画创作群,颜色种类,0,31,721,31,0.0,4.645161290322581
精细绘画/插画创作群,色彩一致性,0,9,721,9,0.0,4.666666666666667
精细绘画/插画创作群,场景表现,0,15,721,15,0.0,4.866666666666666
精细绘画/插画创作群,购买与服务体验,0,5,721,5,0.0,4.8
精细绘画/插画创作群,容量,0,10,721,10,0.0,4.8
纸面手账/装饰书写群,流畅性,34,49,454,74,0.07488986784140969,4.77027027027027
纸面手账/装饰书写群,色彩饱和度与混合,19,20,454,37,0.04185022026431718,4.648648648648648
纸面手账/装饰书写群,笔头耐用性,17,9,454,24,0.037444933920704845,4.458333333333333
纸面手账/装饰书写群,绘画表现,10,56,454,62,0.022026431718061675,4.612903225806452
纸面手账/装饰书写群,笔身与易用性,8,46,454,53,0.01762114537444934,4.716981132075472
纸面手账/装饰书写群,性价比,8,33,454,39,0.01762114537444934,4.512820512820513
纸面手账/装饰书写群,笔头表现,7,15,454,22,0.015418502202643172,4.909090909090909
纸面手账/装饰书写群,墨水特性,4,53,454,55,0.00881057268722467,4.7272727272727275
纸面手账/装饰书写群,表面/介质表现,3,0,454,3,0.006607929515418502,3.3333333333333335
纸面手账/装饰书写群,教育与启发,3,50,454,52,0.006607929515418502,4.673076923076923
纸面手账/装饰书写群,场景表现,2,13,454,15,0.004405286343612335,4.6
纸面手账/装饰书写群,外观与包装,1,3,454,4,0.0022026431718061676,4.5
纸面手账/装饰书写群,多样性与适配性,1,2,454,3,0.0022026431718061676,4.333333333333333
纸面手账/装饰书写群,容量,1,5,454,6,0.0022026431718061676,5.0
纸面手账/装饰书写群,颜色种类,0,18,454,18,0.0,4.666666666666667
纸面手账/装饰书写群,色彩一致性,0,3,454,3,0.0,4.666666666666667
纸面手账/装饰书写群,色系评价,0,5,454,5,0.0,4.6
纸面手账/装饰书写群,特殊用途,0,5,454,5,0.0,4.8
纸面手账/装饰书写群,购买与服务体验,0,2,454,2,0.0,5.0
